{"current":{"layout_header":"default","layout_body":"default","layout_footer":"default","footer_custom_width_size":1600,"blog_layout":"default","password_layout":"01","type_font_1":"google_fonts","type_font_1_name":"Poppins","type_font_1_font":"mono","type_font_2":"google_fonts","type_font_2_name":"Poppins","type_font_2_font":"abril_fatface_n4","type_body":"font_1","type_body_font_size":12,"type_body_font_weight":"400","type_body_line_height":22,"type_heading":"font_2","type_heading_font_weight":"700","type_heading_line_height":24,"type_heading_letter_spacing":".05em","type_menu_lv_1":"font_1","type_menu_lv1_font_size":14,"type_menu_lv1_font_weight":"700","type_menu_lv1_text_transform":"uppercase","type_menu_lv1_line_height":22,"type_menu_lv1_letter_spacing":".05em","type_menu_lv_2":"font_1","type_menu_lv2_font_size":12,"type_menu_lv2_font_weight":"400","type_menu_lv2_text_transform":"capitalize","type_menu_lv2_line_height":22,"type_menu_lv2_letter_spacing":".02em","type_menu_lv_3":"font_1","type_menu_lv3_font_size":12,"type_menu_lv3_font_weight":"400","type_menu_lv3_text_transform":"capitalize","type_menu_lv3_line_height":22,"type_menu_lv3_letter_spacing":".02em","type_mega_menu_lv_2":"font_1","type_mega_menu_lv2_font_size":12,"type_mega_menu_lv2_font_weight":"600","type_mega_menu_lv2_text_transform":"uppercase","type_mega_menu_lv2_line_height":22,"type_mega_menu_lv2_letter_spacing":".02em","type_mega_menu_lv_3":"font_1","type_mega_menu_lv3_font_size":12,"type_mega_menu_lv3_font_weight":"400","type_mega_menu_lv3_text_transform":"capitalize","type_mega_menu_lv3_line_height":22,"type_mega_menu_lv3_letter_spacing":".02em","product_title_font":"font_1","product_title_font_size":12,"product_title_font_weight":"400","product_title_text_transform":"capitalize","product_title_line_height":22,"product_title_letter_spacing":".02em","product_title_line_text":"2","blog_title_font":"font_2","blog_title_font_size":20,"blog_title_font_weight":"700","blog_title_text_transform":"uppercase","blog_title_line_height":29,"blog_title_letter_spacing":".09em","type_button_1":"font_1","type_button_1_font_size":14,"type_button_1_font_weight":"700","type_button_1_text_transform":"uppercase","button_1_line_height":22,"button_1_letter_spacing":".05em","button_1_border_radius":0,"button_1_border_style":"solid","button_1_text_align":"center","button_1_padding_top":13,"button_1_padding_bottom":13,"button_1_horizontal_length":0,"button_1_vertical_length":0,"button_1_blur_radius":0,"btn_1_bg_box_shadow":"rgba(0,0,0,0)","button_1_opacity":"0.5","button_1_inset":"no","type_button_2":"font_1","type_button_2_font_size":14,"type_button_2_font_weight":"700","type_button_2_text_transform":"uppercase","button_2_line_height":22,"button_2_letter_spacing":".05em","button_2_border_radius":0,"button_2_text_align":"center","button_2_padding_top":13,"button_2_padding_bottom":13,"button_2_horizontal_length":0,"button_2_vertical_length":0,"button_2_blur_radius":0,"btn_2_bg_box_shadow":"rgba(0,0,0,0)","button_2_opacity":"0.5","type_footer_heading":"font_1","type_footer_heading_font_size":15,"type_footer_heading_font_weight":"600","type_footer_heading_text_transform":"uppercase","type_footer_heading_line_height":22,"type_footer_heading_letter_spacing":".05em","type_footer_link":"font_1","type_footer_link_font_size":12,"type_footer_link_text_transform":"capitalize","type_footer_link_line_height":28,"type_footer_link_letter_spacing":".02em","type_page_title_font_weight":"700","type_page_title_letter_spacing":".05em","favicon":"shopify:\/\/shop_images\/favicon.png","show_global_checkbox":true,"global_checkbox_text":"I agree with the","global_checkbox_link_text":"Terms & Conditions","global_checkbox_content":"What is Lorem Ipsum?\n\nLorem Ipsum is simply dummy text of the printing and typesetting industry. Lorem Ipsum has been the industry's standard dummy text ever since the 1500s, when an unknown printer took a galley of type and scrambled it to make a type specimen book. It has survived not only five centuries, but also the leap into electronic typesetting, remaining essentially unchanged. It was popularised in the 1960s with the release of Letraset sheets containing Lorem Ipsum passages, and more recently with desktop publishing software like Aldus PageMaker including versions of Lorem Ipsum.\nWhy do we use it?\nIt is a long established fact that a reader will be distracted by the readable content of a page when looking at its layout. The point of using Lorem Ipsum is that it has a more-or-less normal distribution of letters, as opposed to using 'Content here, content here', making it look like readable English. Many desktop publishing packages and web page editors now use Lorem Ipsum as their default model text, and a search for 'lorem ipsum' will uncover many web sites still in their infancy. Various versions have evolved over the years, sometimes by accident, sometimes on purpose (injected humour and the like).","swatch_type":"color","show_customer_login":true,"customer_login_btn_2":"2","after_add_to_cart":"quick_cart","enable_lazyload":true,"type_arrow_width":35,"type_arrow_height":35,"type_arrow_size_icon":17,"pagination_style":"2","pagination_align":"right","trust_image_product_1":"shopify:\/\/shop_images\/security-image-1.png","trust_image_product_2":"shopify:\/\/shop_images\/security-image-2.png","trust_image_product_3":"shopify:\/\/shop_images\/security-image-3.png","trust_image_product_4":"shopify:\/\/shop_images\/security-image-4.png","trust_image_cart_1":"shopify:\/\/shop_images\/trust_image_product_1.png","trust_image_cart_2":"shopify:\/\/shop_images\/trust_image_product_2.png","trust_image_cart_3":"shopify:\/\/shop_images\/trust_image_product_3.png","trust_image_cart_4":"shopify:\/\/shop_images\/trust_image_product_4.png","share_product_type":"addthis","product_block_image_ratio":"adapt","portrait_height":"130","show_review":false,"show_compare":false,"product_compare_type":"default","show_quick_view":true,"product_quick_view_type":"icon","product_content_text_align":"center","badge_postion":"left","sale_badge_type":"text","point_product_swatch_custom":"30px","show_action":true,"lange_1":"en","i-lang-1":"<svg xmlns=\"http:\/\/www.w3.org\/2000\/svg\" version=\"1.1\" id=\"Layer_1\" x=\"0px\" y=\"0px\" viewbox=\"0 0 512 512\" style=\"enable-background:new 0 0 512 512;\" xmlns:xlink=\"http:\/\/www.w3.org\/1999\/xlink\" xml:space=\"preserve\">\n<circle style=\"fill:#F0F0F0;\" cx=\"256\" cy=\"256\" r=\"256\"><\/circle>\n<g>\n\t<path style=\"fill:#0052B4;\" d=\"M52.92,100.142c-20.109,26.163-35.272,56.318-44.101,89.077h133.178L52.92,100.142z\"><\/path>\n\t<path style=\"fill:#0052B4;\" d=\"M503.181,189.219c-8.829-32.758-23.993-62.913-44.101-89.076l-89.075,89.076H503.181z\"><\/path>\n\t<path style=\"fill:#0052B4;\" d=\"M8.819,322.784c8.83,32.758,23.993,62.913,44.101,89.075l89.074-89.075L8.819,322.784L8.819,322.784   z\"><\/path>\n\t<path style=\"fill:#0052B4;\" d=\"M411.858,52.921c-26.163-20.109-56.317-35.272-89.076-44.102v133.177L411.858,52.921z\"><\/path>\n\t<path style=\"fill:#0052B4;\" d=\"M100.142,459.079c26.163,20.109,56.318,35.272,89.076,44.102V370.005L100.142,459.079z\"><\/path>\n\t<path style=\"fill:#0052B4;\" d=\"M189.217,8.819c-32.758,8.83-62.913,23.993-89.075,44.101l89.075,89.075V8.819z\"><\/path>\n\t<path style=\"fill:#0052B4;\" d=\"M322.783,503.181c32.758-8.83,62.913-23.993,89.075-44.101l-89.075-89.075V503.181z\"><\/path>\n\t<path style=\"fill:#0052B4;\" d=\"M370.005,322.784l89.075,89.076c20.108-26.162,35.272-56.318,44.101-89.076H370.005z\"><\/path>\n<\/g>\n<g>\n\t<path style=\"fill:#D80027;\" d=\"M509.833,222.609h-220.44h-0.001V2.167C278.461,0.744,267.317,0,256,0   c-11.319,0-22.461,0.744-33.391,2.167v220.44v0.001H2.167C0.744,233.539,0,244.683,0,256c0,11.319,0.744,22.461,2.167,33.391   h220.44h0.001v220.442C233.539,511.256,244.681,512,256,512c11.317,0,22.461-0.743,33.391-2.167v-220.44v-0.001h220.442   C511.256,278.461,512,267.319,512,256C512,244.683,511.256,233.539,509.833,222.609z\"><\/path>\n\t<path style=\"fill:#D80027;\" d=\"M322.783,322.784L322.783,322.784L437.019,437.02c5.254-5.252,10.266-10.743,15.048-16.435   l-97.802-97.802h-31.482V322.784z\"><\/path>\n\t<path style=\"fill:#D80027;\" d=\"M189.217,322.784h-0.002L74.98,437.019c5.252,5.254,10.743,10.266,16.435,15.048l97.802-97.804   V322.784z\"><\/path>\n\t<path style=\"fill:#D80027;\" d=\"M189.217,189.219v-0.002L74.981,74.98c-5.254,5.252-10.266,10.743-15.048,16.435l97.803,97.803   H189.217z\"><\/path>\n\t<path style=\"fill:#D80027;\" d=\"M322.783,189.219L322.783,189.219L437.02,74.981c-5.252-5.254-10.743-10.266-16.435-15.047   l-97.802,97.803V189.219z\"><\/path>\n<\/g>\n<g>\n<\/g>\n<g>\n<\/g>\n<g>\n<\/g>\n<g>\n<\/g>\n<g>\n<\/g>\n<g>\n<\/g>\n<g>\n<\/g>\n<g>\n<\/g>\n<g>\n<\/g>\n<g>\n<\/g>\n<g>\n<\/g>\n<g>\n<\/g>\n<g>\n<\/g>\n<g>\n<\/g>\n<g>\n<\/g>\n<\/svg>","lange_2":"de","i-lang-2":"<svg xmlns=\"http:\/\/www.w3.org\/2000\/svg\" version=\"1.1\" id=\"Layer_1\" x=\"0px\" y=\"0px\" viewbox=\"0 0 512 512\" style=\"enable-background:new 0 0 512 512;\" xmlns:xlink=\"http:\/\/www.w3.org\/1999\/xlink\" xml:space=\"preserve\">\n<path style=\"fill:#FFDA44;\" d=\"M15.923,345.043C52.094,442.527,145.929,512,256,512s203.906-69.473,240.077-166.957L256,322.783  L15.923,345.043z\"><\/path>\n<path d=\"M256,0C145.929,0,52.094,69.472,15.923,166.957L256,189.217l240.077-22.261C459.906,69.472,366.071,0,256,0z\"><\/path>\n<path style=\"fill:#D80027;\" d=\"M15.923,166.957C5.633,194.69,0,224.686,0,256s5.633,61.31,15.923,89.043h480.155  C506.368,317.31,512,287.314,512,256s-5.632-61.31-15.923-89.043H15.923z\"><\/path>\n<g>\n<\/g>\n<g>\n<\/g>\n<g>\n<\/g>\n<g>\n<\/g>\n<g>\n<\/g>\n<g>\n<\/g>\n<g>\n<\/g>\n<g>\n<\/g>\n<g>\n<\/g>\n<g>\n<\/g>\n<g>\n<\/g>\n<g>\n<\/g>\n<g>\n<\/g>\n<g>\n<\/g>\n<g>\n<\/g>\n<\/svg>","enable_multiple_currencies":true,"currency_1_unit":"USD","i-currency-1":"<svg xmlns=\"http:\/\/www.w3.org\/2000\/svg\" version=\"1.1\" id=\"Layer_1\" x=\"0px\" y=\"0px\" viewbox=\"0 0 512 512\" style=\"enable-background:new 0 0 512 512;\" xmlns:xlink=\"http:\/\/www.w3.org\/1999\/xlink\" xml:space=\"preserve\">\n<circle style=\"fill:#F0F0F0;\" cx=\"256\" cy=\"256\" r=\"256\"><\/circle>\n<g>\n\t<path style=\"fill:#D80027;\" d=\"M244.87,256H512c0-23.106-3.08-45.49-8.819-66.783H244.87V256z\"><\/path>\n\t<path style=\"fill:#D80027;\" d=\"M244.87,122.435h229.556c-15.671-25.572-35.708-48.175-59.07-66.783H244.87V122.435z\"><\/path>\n\t<path style=\"fill:#D80027;\" d=\"M256,512c60.249,0,115.626-20.824,159.356-55.652H96.644C140.374,491.176,195.751,512,256,512z\"><\/path>\n\t<path style=\"fill:#D80027;\" d=\"M37.574,389.565h436.852c12.581-20.529,22.338-42.969,28.755-66.783H8.819   C15.236,346.596,24.993,369.036,37.574,389.565z\"><\/path>\n<\/g>\n<path style=\"fill:#0052B4;\" d=\"M118.584,39.978h23.329l-21.7,15.765l8.289,25.509l-21.699-15.765L85.104,81.252l7.16-22.037  C73.158,75.13,56.412,93.776,42.612,114.552h7.475l-13.813,10.035c-2.152,3.59-4.216,7.237-6.194,10.938l6.596,20.301l-12.306-8.941  c-3.059,6.481-5.857,13.108-8.372,19.873l7.267,22.368h26.822l-21.7,15.765l8.289,25.509l-21.699-15.765l-12.998,9.444  C0.678,234.537,0,245.189,0,256h256c0-141.384,0-158.052,0-256C205.428,0,158.285,14.67,118.584,39.978z M128.502,230.4  l-21.699-15.765L85.104,230.4l8.289-25.509l-21.7-15.765h26.822l8.288-25.509l8.288,25.509h26.822l-21.7,15.765L128.502,230.4z   M120.213,130.317l8.289,25.509l-21.699-15.765l-21.699,15.765l8.289-25.509l-21.7-15.765h26.822l8.288-25.509l8.288,25.509h26.822  L120.213,130.317z M220.328,230.4l-21.699-15.765L176.93,230.4l8.289-25.509l-21.7-15.765h26.822l8.288-25.509l8.288,25.509h26.822  l-21.7,15.765L220.328,230.4z M212.039,130.317l8.289,25.509l-21.699-15.765l-21.699,15.765l8.289-25.509l-21.7-15.765h26.822  l8.288-25.509l8.288,25.509h26.822L212.039,130.317z M212.039,55.743l8.289,25.509l-21.699-15.765L176.93,81.252l8.289-25.509  l-21.7-15.765h26.822l8.288-25.509l8.288,25.509h26.822L212.039,55.743z\"><\/path>\n<g>\n<\/g>\n<g>\n<\/g>\n<g>\n<\/g>\n<g>\n<\/g>\n<g>\n<\/g>\n<g>\n<\/g>\n<g>\n<\/g>\n<g>\n<\/g>\n<g>\n<\/g>\n<g>\n<\/g>\n<g>\n<\/g>\n<g>\n<\/g>\n<g>\n<\/g>\n<g>\n<\/g>\n<g>\n<\/g>\n<\/svg>","currency_2_unit":"EUR","i-currency-2":"<svg xmlns=\"http:\/\/www.w3.org\/2000\/svg\" version=\"1.1\" id=\"Layer_1\" x=\"0px\" y=\"0px\" viewbox=\"0 0 512 512\" style=\"enable-background:new 0 0 512 512;\" xmlns:xlink=\"http:\/\/www.w3.org\/1999\/xlink\" xml:space=\"preserve\">\n<circle style=\"fill:#0052B4;\" cx=\"256\" cy=\"256\" r=\"256\"><\/circle>\n<g>\n\t<polygon style=\"fill:#FFDA44;\" points=\"256.001,100.174 264.29,125.683 291.11,125.683 269.411,141.448 277.7,166.957    256.001,151.191 234.301,166.957 242.59,141.448 220.891,125.683 247.712,125.683  \"><\/polygon>\n\t<polygon style=\"fill:#FFDA44;\" points=\"145.814,145.814 169.714,157.99 188.679,139.026 184.482,165.516 208.381,177.693    181.89,181.889 177.694,208.381 165.517,184.482 139.027,188.679 157.992,169.714  \"><\/polygon>\n\t<polygon style=\"fill:#FFDA44;\" points=\"100.175,256 125.684,247.711 125.684,220.89 141.448,242.59 166.958,234.301 151.191,256    166.958,277.699 141.448,269.411 125.684,291.11 125.684,264.289  \"><\/polygon>\n\t<polygon style=\"fill:#FFDA44;\" points=\"145.814,366.186 157.991,342.286 139.027,323.321 165.518,327.519 177.693,303.62    181.89,330.111 208.38,334.307 184.484,346.484 188.679,372.974 169.714,354.009  \"><\/polygon>\n\t<polygon style=\"fill:#FFDA44;\" points=\"256.001,411.826 247.711,386.317 220.891,386.317 242.591,370.552 234.301,345.045    256.001,360.809 277.7,345.045 269.411,370.552 291.11,386.317 264.289,386.317  \"><\/polygon>\n\t<polygon style=\"fill:#FFDA44;\" points=\"366.187,366.186 342.288,354.01 323.322,372.975 327.519,346.483 303.622,334.307    330.112,330.111 334.308,303.62 346.484,327.519 372.974,323.321 354.009,342.288  \"><\/polygon>\n\t<polygon style=\"fill:#FFDA44;\" points=\"411.826,256 386.317,264.289 386.317,291.11 370.552,269.41 345.045,277.699 360.81,256    345.045,234.301 370.553,242.59 386.317,220.89 386.317,247.712  \"><\/polygon>\n\t<polygon style=\"fill:#FFDA44;\" points=\"366.187,145.814 354.01,169.714 372.975,188.679 346.483,184.481 334.308,208.38    330.112,181.889 303.622,177.692 327.519,165.516 323.322,139.027 342.289,157.991  \"><\/polygon>\n<\/g>\n<g>\n<\/g>\n<g>\n<\/g>\n<g>\n<\/g>\n<g>\n<\/g>\n<g>\n<\/g>\n<g>\n<\/g>\n<g>\n<\/g>\n<g>\n<\/g>\n<g>\n<\/g>\n<g>\n<\/g>\n<g>\n<\/g>\n<g>\n<\/g>\n<g>\n<\/g>\n<g>\n<\/g>\n<g>\n<\/g>\n<\/svg>","currency_3_unit":"GBP","i-currency-3":"<svg xmlns=\"http:\/\/www.w3.org\/2000\/svg\" version=\"1.1\" id=\"Layer_1\" x=\"0px\" y=\"0px\" viewbox=\"0 0 512 512\" style=\"enable-background:new 0 0 512 512;\" xmlns:xlink=\"http:\/\/www.w3.org\/1999\/xlink\" xml:space=\"preserve\">\n<circle style=\"fill:#F0F0F0;\" cx=\"256\" cy=\"256\" r=\"256\"><\/circle>\n<g>\n\t<path style=\"fill:#0052B4;\" d=\"M52.92,100.142c-20.109,26.163-35.272,56.318-44.101,89.077h133.178L52.92,100.142z\"><\/path>\n\t<path style=\"fill:#0052B4;\" d=\"M503.181,189.219c-8.829-32.758-23.993-62.913-44.101-89.076l-89.075,89.076H503.181z\"><\/path>\n\t<path style=\"fill:#0052B4;\" d=\"M8.819,322.784c8.83,32.758,23.993,62.913,44.101,89.075l89.074-89.075L8.819,322.784L8.819,322.784   z\"><\/path>\n\t<path style=\"fill:#0052B4;\" d=\"M411.858,52.921c-26.163-20.109-56.317-35.272-89.076-44.102v133.177L411.858,52.921z\"><\/path>\n\t<path style=\"fill:#0052B4;\" d=\"M100.142,459.079c26.163,20.109,56.318,35.272,89.076,44.102V370.005L100.142,459.079z\"><\/path>\n\t<path style=\"fill:#0052B4;\" d=\"M189.217,8.819c-32.758,8.83-62.913,23.993-89.075,44.101l89.075,89.075V8.819z\"><\/path>\n\t<path style=\"fill:#0052B4;\" d=\"M322.783,503.181c32.758-8.83,62.913-23.993,89.075-44.101l-89.075-89.075V503.181z\"><\/path>\n\t<path style=\"fill:#0052B4;\" d=\"M370.005,322.784l89.075,89.076c20.108-26.162,35.272-56.318,44.101-89.076H370.005z\"><\/path>\n<\/g>\n<g>\n\t<path style=\"fill:#D80027;\" d=\"M509.833,222.609h-220.44h-0.001V2.167C278.461,0.744,267.317,0,256,0   c-11.319,0-22.461,0.744-33.391,2.167v220.44v0.001H2.167C0.744,233.539,0,244.683,0,256c0,11.319,0.744,22.461,2.167,33.391   h220.44h0.001v220.442C233.539,511.256,244.681,512,256,512c11.317,0,22.461-0.743,33.391-2.167v-220.44v-0.001h220.442   C511.256,278.461,512,267.319,512,256C512,244.683,511.256,233.539,509.833,222.609z\"><\/path>\n\t<path style=\"fill:#D80027;\" d=\"M322.783,322.784L322.783,322.784L437.019,437.02c5.254-5.252,10.266-10.743,15.048-16.435   l-97.802-97.802h-31.482V322.784z\"><\/path>\n\t<path style=\"fill:#D80027;\" d=\"M189.217,322.784h-0.002L74.98,437.019c5.252,5.254,10.743,10.266,16.435,15.048l97.802-97.804   V322.784z\"><\/path>\n\t<path style=\"fill:#D80027;\" d=\"M189.217,189.219v-0.002L74.981,74.98c-5.254,5.252-10.266,10.743-15.048,16.435l97.803,97.803   H189.217z\"><\/path>\n\t<path style=\"fill:#D80027;\" d=\"M322.783,189.219L322.783,189.219L437.02,74.981c-5.252-5.254-10.743-10.266-16.435-15.047   l-97.802,97.803V189.219z\"><\/path>\n<\/g>\n<g>\n<\/g>\n<g>\n<\/g>\n<g>\n<\/g>\n<g>\n<\/g>\n<g>\n<\/g>\n<g>\n<\/g>\n<g>\n<\/g>\n<g>\n<\/g>\n<g>\n<\/g>\n<g>\n<\/g>\n<g>\n<\/g>\n<g>\n<\/g>\n<g>\n<\/g>\n<g>\n<\/g>\n<g>\n<\/g>\n<\/svg>","i-currency-4":"<svg xmlns=\"http:\/\/www.w3.org\/2000\/svg\" version=\"1.1\" id=\"Layer_1\" x=\"0px\" y=\"0px\" viewbox=\"0 0 512 512\" style=\"enable-background:new 0 0 512 512;\" xmlns:xlink=\"http:\/\/www.w3.org\/1999\/xlink\" xml:space=\"preserve\">\n<circle style=\"fill:#D80027;\" cx=\"256\" cy=\"256\" r=\"256\"><\/circle>\n<polygon style=\"fill:#F0F0F0;\" points=\"389.565,211.479 300.522,211.479 300.522,122.435 211.478,122.435 211.478,211.479   122.435,211.479 122.435,300.522 211.478,300.522 211.478,389.565 300.522,389.565 300.522,300.522 389.565,300.522 \"><\/polygon>\n<g>\n<\/g>\n<g>\n<\/g>\n<g>\n<\/g>\n<g>\n<\/g>\n<g>\n<\/g>\n<g>\n<\/g>\n<g>\n<\/g>\n<g>\n<\/g>\n<g>\n<\/g>\n<g>\n<\/g>\n<g>\n<\/g>\n<g>\n<\/g>\n<g>\n<\/g>\n<g>\n<\/g>\n<g>\n<\/g>\n<\/svg>","quick_search_to_show":3,"search_trending_title":"Trending Now","seach_trending_item_1":"dempus","seach_trending_item_2":"sample","seach_trending_item_3":"magnis","seach_trending_item_4":"loremous saliduar","seach_trending_item_5":"naminos","seach_trending_item_6":"dinterdum","seach_trending_item_7":"","seach_trending_item_8":"","seach_trending_item_9":"","seach_trending_item_10":"","seach_trending_item_11":"","seach_trending_item_12":"","seach_trending_item_13":"","seach_trending_item_14":"","seach_trending_item_15":"","search_product_collection":"collection-home-1-1","search_product_to_show":3,"search_product_per_row":"3","show_quick_cart":true,"quick_cart_redirect_button":"none","quick_cart_redirect_button_link":"","quick_cart_sidebar_item_bg":"#ffffff","quick_cart_sidebar_item_border":"#e8e8e8","quick_cart_sidebar_item_borderw":1,"quick_cart_sidebar_item_borders":"solid","cart_product_gift":"gift-wrapping","gift_content":"Do you want a gift wrap?","show_cart_shipping":true,"show_quick_cart_popular_product":true,"quick_cart_popular_product_title":"You May Also Like","quick_cart_popular_product_collection":"suito","quick_cart_popular_product_dots":false,"quick_cart_popular_product_arrows":true,"show_quick_edit_cart":true,"quick_edit_cart_picker_type":"button","quick_view_layout":"1","show_countdown":false,"countdown_type":"all_product","countdown_collection":"","calculator_free_shipping_message_height":12,"calculator_free_shipping_message_color":"#232323","calculator_free_shipping_message_bg":"#f1f1f1","calculator_free_shipping_message_bg_1":"#f44336","calculator_free_shipping_message_bg_2":"#ffc206","show_someone_purchase":false,"someone_purchase_position":"right","someone_purchase_product_1":"dempus-lortis-cosmo-sapiendo","someone_purchase_product_2":"dempus-lortis-cosmo-sapiendo-3","someone_purchase_from_ago_2":"Melbourne, AU","someone_purchase_time_ago_2":"15","someone_purchase_product_3":"sample-product-12-clothing-and-accessory-boutiques-for-sale","someone_purchase_from_ago_3":"Sydney, AU","someone_purchase_time_ago_3":"10","someone_purchase_product_4":"sample-product-16-clothing-and-accessory-boutiques-for-sale","someone_purchase_from_ago_4":"Albury, AU","someone_purchase_time_ago_4":"25","someone_purchase_product_5":"sample-product-22-clothing-and-accessory-boutiques-for-sale","someone_purchase_from_ago_5":"New York, US","someone_purchase_time_ago_5":"30","someone_purchase_product_6":"sample-product-2-clothing-and-accessory-boutiques-for-sale","someone_purchase_from_ago_6":"New Deli, India","someone_purchase_product_7":"sample-product-23-clothing-and-accessory-boutiques-for-sale","someone_purchase_from_ago_7":"London, UK","someone_purchase_time_ago_7":"15","someone_purchase_product_8":"sample-product-28-clothing-and-accessory-boutiques-for-sale","someone_purchase_from_ago_8":"Tokyo, Japan","someone_purchase_time_ago_8":"25","someone_purchase_product_9":"sample-product-13-clothing-and-accessory-boutiques-for-sale","someone_purchase_from_ago_9":"Beijing, China","someone_purchase_time_ago_9":"30","someone_purchase_product_10":"sample-product-35-clothing-and-accessory-boutiques-for-sale","show_gdpr_cookie_consent":false,"gdpr_cookie_consent_type":"left","gdpr_cookie_consent_btn_1_link":"https:\/\/policies.google.com\/","gdpr_cookie_consent_btn_2_text":"Accept","gdpr_cookie_consent_color":"#ffffff","gdpr_cookie_consent_color_privacy":"#818181","gdpr_cookie_consent_bg":"#141414","show_newsletter_popup":true,"newsletter_popup_delay":60,"newsletter_popup_image":"shopify:\/\/shop_images\/1_a2e58338-7673-4181-8595-2520dc286924.jpg","newsletter_popup_title":"Join Our Mailing List","newsletter_popup_desc":"Sign Up for exclusive updates, \nnew arrivals & insider only discounts","newsletter_popup_note":"No, thanks","recently_viewed_limit":5,"show_before_you_leave":false,"before_you_leave_time":1,"before_you_leave_logo":"shopify:\/\/shop_images\/ella-logo-black-compressor.png","before_you_leave_bg":"shopify:\/\/shop_images\/before-you.jpg","before_you_leave_content":"<h3 class=\"title\">Before you leave...<\/h3>\n\t\t<p class=\"desc1\">Take 20% off your first order<\/p>\n\t\t<h3 class=\"heading1\">\n\t\t\t<span class=\"text\">20% off<\/span>\n\t\t<\/h3>\n\t\t<p class=\"desc2\">Enter the code below at checkout to get 20% off your first order<\/p>\n\t\t<h3 class=\"heading2\">CODESALE20<\/h3>\n\t\t<a class=\"button button-2\" href=\"\/new-in\">\n\t\t\t<span class=\"text\">Continue Shopping<\/span>\n\t\t<\/a>","before_you_leave_collection":"milancelos","before_you_leave_collection_limit":3,"before_you_leave_btn":"1","notify_form_btn":"1","show_ask_an_expert":false,"ask_an_expert_banner":"shopify:\/\/shop_images\/ask-an-expert.png","social_twitter_link":"https:\/\/twitter.com\/shopify","social_facebook_link":"https:\/\/www.facebook.com\/shopify","social_pinterest_link":"https:\/\/www.pinterest.com\/shopify\/","social_instagram_link":"https:\/\/www.instagram.com\/shopify\/","social_tiktok_link":"https:\/\/tiktok.com\/@shopify","social_youtube_link":"https:\/\/www.youtube.com\/shopify","social_vimeo_link":"","product_vendor_color":"#969696","product_title_color":"#232323","product_title_color_hover":"#232323","product_price_color":"#232323","product_price_sale_color":"#e95144","product_price_compare_color":"#969696","product_swatch_border":"#cbcbcb","product_swatch_border_active":"#232323","product_wishlist_color_added":"#ffffff","product_wishlist_bg_added":"#000000","product_action_color":"#232323","product_action_bg":"#ffffff","product_action_border_hover":"#232323","product_action_bg_hover":"#232323","new_badge_color":"#232323","sale_badge_color":"#ffffff","sale_badge_bg":"#e95144","sold_out_badge_color":"#ffffff","sold_out_badge_bg":"#c1c1c1","custom_badge_color":"#ffffff","custom_badge_bg":"#ffbb49","bundle_badge_color":"#ffffff","bundle_badge_bg":"#232323","colors_bg":"#ffffff","colors_text":"#232323","colors_text2":"#3c3c3c","colors_text_grey":"#969696","colors_link":"#232323","colors_link_hover":"#232323","colors_info":"#8b714a","colors_info_bg":"#fbf8e5","colors_global":"#232323","colors_arrow":"#323232","border_colors_arrow":"#ccc","bg_colors_arrow":"#fff","hover_colors_arrow":"#323232","hover_border_colors_arrow":"#f8f8f8","hover_bg_colors_arrow":"#f8f8f8","pagination_item_border_color_active":"#ffffff","pagination_item_bg_color_active":"#f8f8f8","pagination_arrow_color":"#3c3c3c","pagination_arrow_border_color":"#232323","pagination_arrow_color_active":"#ffffff","pagination_arrow_border_color_active":"#232323","pagination_arrow_bg_color_active":"#232323","swatch_border":"#cbcbcb","swatch_border-active":"#232323","variant_bg":"#ffffff","variant_color":"#232323","variant_bg_active":"#ffffff","variant_color_active":"#232323","btn_1_border":"#232323","btn_1_bg":"#232323","btn_1_color_hover":"#232323","btn_1_border_hover":"#232323","btn_1_bg_hover":"#ffffff","btn_2_color":"#232323","btn_2_border":"#727272","btn_2_border_hover":"#232323","btn_2_bg_hover":"#232323","btn_3_border":"#e9514b","btn_3_bg":"#e9514b","btn_3_color_hover":"#ffffff","btn_3_border_hover":"#e9514b","btn_3_bg_hover":"#e9514b","badge_style":"1","ask_an_expert_icon":"<svg xmlns=\"http:\/\/www.w3.org\/2000\/svg\" viewbox=\"0 0 48 48\"><path fill=\"#FFA726\" d=\"M10 22A4 4 0 1 0 10 30 4 4 0 1 0 10 22zM38 22A4 4 0 1 0 38 30 4 4 0 1 0 38 22z\"><\/path><path fill=\"#FFB74D\" d=\"M39,19c0-12.7-30-8.3-30,0c0,1.8,0,8.2,0,10c0,8.3,6.7,15,15,15s15-6.7,15-15C39,27.2,39,20.8,39,19z\"><\/path><path fill=\"#FF5722\" d=\"M24,3C14.6,3,7,10.6,7,20c0,1.2,0,3.4,0,3.4L9,25v-3l21-9.8l9,9.8v3l2-1.6c0,0,0-2.1,0-3.4C41,12,35.3,3,24,3z\"><\/path><path fill=\"#784719\" d=\"M31 24A2 2 0 1 0 31 28 2 2 0 1 0 31 24zM17 24A2 2 0 1 0 17 28 2 2 0 1 0 17 24z\"><\/path><path fill=\"#757575\" d=\"M43,24c-0.6,0-1,0.4-1,1v-7c0-8.8-7.2-16-16-16h-7c-0.6,0-1,0.4-1,1s0.4,1,1,1h7c7.7,0,14,6.3,14,14v10c0,0.6,0.4,1,1,1s1-0.4,1-1v2c0,3.9-3.1,7-7,7H24c-0.6,0-1,0.4-1,1s0.4,1,1,1h11c5,0,9-4,9-9v-5C44,24.4,43.6,24,43,24z\"><\/path><g><path fill=\"#37474F\" d=\"M43 22h-1c-1.1 0-2 .9-2 2v4c0 1.1.9 2 2 2h1c1.1 0 2-.9 2-2v-4C45 22.9 44.1 22 43 22zM24 36A2 2 0 1 0 24 40 2 2 0 1 0 24 36z\"><\/path><\/g><\/svg>","vendor_text_transform":"uppercase","colors_loading_icon":"#fff","product_action_group_position":"left","search_product_image_ratio":"portrait","quick_edit_cart_image_ratio":"adapt","quick_cart_redirect_button_type":"3","quick_cart_btn_2":"1","quick_cart_type":"popup","product_swatch_type":"grid","newsletter_popup_style":"2","accent_badge_color_scheme":"background-2","custom_width_size":1600,"quick_cart_popular_product_type":"2","calculator_free_shipping_message_style":"3","free_shipping_borderw":0,"customer_login_type":"sidebar","body_line_height":50,"body_letter_spacing":".02em","sections":{"announcement-bar":{"type":"announcement-bar","blocks":{"announcement-bar-0":{"type":"announcement","settings":{"text":"<div class=\"message\">\n  MID-SEASON SALE UP TO 70% OFF. <a href=\"\/collections\/all\" alt=\"Shop Now\">SHOP NOW<\/a>\n<\/div>","message_link":"","btn_color":"#f84248","btn_border_color":"#ffffff","btn_bg_color":"#ffffff","btn_bg_color_gradient":""}}},"block_order":["announcement-bar-0"],"settings":{"enable_close":true,"arrow_active":false,"color_text":"#b05d5d","bg_color_text":"#ffe8e8","bg_color_text_gradient":"","font_size_text":12,"top_message_text":"","annou_countdown":"","color_countdown_text":"#06142e","border_color_countdown":"#f7f8fa","bg_color_countdown":"#f7f8fa"}},"header":{"type":"header","blocks":{"d3131109-9329-42fa-bbb5-d25d01fd698b":{"type":"megamenu_style_1","settings":{"layout_block":"custom_width","header_custom_width_size":1200,"item":"new in","column":3,"show_banner_1":true,"banner_1":"shopify:\/\/shop_images\/mega-menu-1.jpg","banner_url_1":"shopify:\/\/collections\/blazero","show_product":true,"product_title":"Featured Products","product_collection":"naminos-dementus-a-dincidunto-5"}},"0e4cbbf3-fe5e-4e10-a837-c7651f114767":{"type":"megamenu_style_2","settings":{"layout_block":"custom_width","header_custom_width_size":1200,"item":"trend","column":3,"show_banner_1":true,"banner_1":"shopify:\/\/shop_images\/mega-menu-2.jpg","banner_url_1":"shopify:\/\/collections\/congue","show_banner_2":true,"banner_2":"shopify:\/\/shop_images\/mega-menu-3.jpg","banner_url_2":"shopify:\/\/collections\/cosmopolis","show_banner_3":true,"banner_3":"shopify:\/\/shop_images\/mega-menu-4.jpg","banner_url_3":"shopify:\/\/collections\/cosmopolitan"}},"4d022900-5ec2-41b0-89c1-edea75a13c28":{"type":"megamenu_style_3","settings":{"layout_block":"custom_width","header_custom_width_size":1200,"mega_tyle":"style1","item":"collections","column":5,"show_banner_1":true,"banner_1":"shopify:\/\/shop_images\/mega-menu-5-min.jpg","banner_url_1":"shopify:\/\/products\/dempus-lortis-cosmo-sapiendo","show_banner_2":true,"banner_2":"shopify:\/\/shop_images\/mega-menu-6-min.jpg","banner_url_2":"shopify:\/\/products\/dempus-lortis-cosmo-sapiendo-1","show_banner_3":true,"banner_3":"shopify:\/\/shop_images\/mega-menu-7-min.jpg","banner_url_3":"shopify:\/\/products\/dempus-lortis-cosmo-sapiendo-2","show_banner_4":true,"banner_4":"shopify:\/\/shop_images\/mega-menu-8-min.jpg","banner_url_4":"shopify:\/\/products\/dempus-lortis-cosmo-sapiendo-3","show_banner_5":true,"banner_5":"shopify:\/\/shop_images\/mega-menu-9-min.jpg","banner_url_5":"shopify:\/\/products\/dempus-an-lortis-tempus-sapiendos"}},"23b6fa6d-4f30-4a97-8dc1-2c516f8a7f0e":{"type":"megamenu_style_1","settings":{"layout_block":"custom_width","header_custom_width_size":1200,"item":"demo","column":5,"show_banner_1":false,"banner_1":"shopify:\/\/shop_images\/mega-menu-10-min.jpg","banner_url_1":"shopify:\/\/products\/dempus-lortis-cosmo-sapiendo-4","show_product":false,"product_title":"On Sale Products","product_collection":"dempus-an-lortis-tempus-sapiendos"}}},"block_order":["d3131109-9329-42fa-bbb5-d25d01fd698b","0e4cbbf3-fe5e-4e10-a837-c7651f114767","4d022900-5ec2-41b0-89c1-edea75a13c28","23b6fa6d-4f30-4a97-8dc1-2c516f8a7f0e"],"settings":{"menu":"main-menu","show_megamenu":true,"enable_sticky_header":true,"show_search":true,"show_cart":true,"show_wishlist":true,"show_customer":true,"display_customer_service":true,"customer_service_text":"Customer Service <a href=\"tel:091%20234-ELLA\">091 234-ELLA<\/a>","display_free_shipping":true,"free_shipping_text":"Free shipping on all orders. No minimum purchase","header_top_color":"#323232","header_top_color_2":"#232323","header_top_bg":"#ffffff","header_top_bg_gradient":"","bg_search_color":"#fafafa","search_color":"#323232","search_icon_color":"#323232","search_border_color":"#e7e7e7","cart_bg_item":"#ffe5e8","cart_color_item":"#323232","header_bottom_bg":"#000000","header_bottom_bg_gradient":"","header_mobile_bg":"#ffffff","header_mobile_color":"#232323","logo":"shopify:\/\/shop_images\/ella-logo-black-compressor.png","logo_mobile":"shopify:\/\/shop_images\/ella-logo-black-compressor.png","logo_fixed":"shopify:\/\/shop_images\/logo-fixed.png","logo_text":"","logo_width":65,"logo_width_mobile":65,"logo_width_fixed":50,"logo_font_size":30,"logo_font_weight":"900","logo_text_transform":"uppercase","logo_color":"#ffffff","lv_1_color":"#ffffff","lv_1_color_hover":"#ffffff","lv_1_color_mb":"#000000","lv_2_color":"#232323","lv_2_color_hover":"#232323","lv_2_color_mb":"#000000","lv_3_color":"#3c3c3c","lv_3_color_hover":"#3c3c3c","lv_3_color_mb":"#000000","sale_item_1":"","sale_item_2":"","sale_item_3":"","sale_item_color":"#d12442","show_label":true,"new_label":"Demo","new_label_color":"#ffffff","new_label_bg":"#06bfe2","sale_label":"Collections","sale_label_color":"#ffffff","sale_label_bg":"#ef6454","hot_label":"Trend","hot_label_color":"#ffffff","hot_label_bg":"#ffbb49","bg_mega_menu":"#ffffff","bg_mega_menu_style_4":"#f8f8f8","az_brand_link_text_color":"#000000"}},"footer":{"type":"footer","blocks":{"footer-0":{"type":"link_list","settings":{"custom_width":"20","heading":"Shop","menu":"shop"}},"d214f3b2-0aee-43b9-9dfa-73991e36badc":{"type":"link_list","settings":{"custom_width":"20","heading":"Information","menu":"information"}},"87eae35d-3b4e-471c-abc6-db4ed7d19b47":{"type":"link_list","settings":{"custom_width":"20","heading":"Customer Service","menu":"customer-service"}},"ece4468c-0331-4616-bca7-5e13eadbf9bb":{"type":"newsletter","settings":{"custom_width":"40","enable_top":false,"background_color":"","newsletter_style":"style1","newsletter_margin_bottom":45,"newsletter_padding_bottom":0,"enable_border_bottom":false,"border_block_color":"#ffffff","heading":"Newsletter Sign Up","subtext":"Sign up for exclusive updates, new arrivals & insider only discounts","mg_top_des":0,"mg_bottom_des":10,"spacing_input":10,"newsletter_form_width":420,"input_color":"#cfcfcf","input_color_bg":"#232323","input_color_border":"#d3d3d3","button_color":"#232323","button_color_border":"#ffffff","button_color_bg":"#ffffff","button_color_bg_gradient":"","button_color_hover":"#ffffff","button_color_border_hover":"#000000","button_color_bg_hover":"#000000","button_color_bg_gradient_hover":"","check_text":"","check_text_color":"#808080","check_text_fontsize":14,"check_input_color":"#ffffff"}}},"block_order":["footer-0","d214f3b2-0aee-43b9-9dfa-73991e36badc","87eae35d-3b4e-471c-abc6-db4ed7d19b47","ece4468c-0331-4616-bca7-5e13eadbf9bb"],"settings":{"enable_border_footer_top":false,"border_footer_top_color":"#282828","pdtop_footer_top":35,"pdbottom_footer_top":40,"footer_top_bg":"#232323","footer_top_bg_gradient":"","show_footer_top_bg_img":false,"footer_top_bg_position_x":"center","footer_top_bg_position_y":"center","footer_top_bg_repeat":"no-repeat","footer_top_bg_attachment":"fixed","footer_top_bg_size":"cover","footer_top_text_align":"left","footer_top_title_color":"#ffffff","footer_top_color_link":"#cfcfcf","footer_top_color_link_hover":"#ffffff","social_heading":"","show_social":true,"social_margin_top":35,"social_icon_width":12,"social_icon_padding":12,"social_icon_border_width":1,"social_icon_margin_right":15,"social_position":"4","column_reverse":false,"social_color":"#282828","social_border_color":"#ffffff","social_background_color":"#ffffff","social_background_color_gradient":"","social_color_hover":"#282828","social_border_color_hover":"#ffffff","social_background_color_hover":"#ffffff","social_background_color_gradient_hover":"","social_box_hover_color":"#ffffff","enable_trust":false,"margin_top_image_trust":60,"trust_position":"full","pdtop_footer_bottom":20,"pdbottom_footer_bottom":40,"border_top":true,"footer_bottom_color":"#cfcfcf","border_top_color":"#282828","footer_bottom_bg":"#232323","footer_bottom_bg_gradient":"","show_copyright":true,"enable_layout_grid":true,"copyright_content":"Ella Demo. All Rights Reserved. Powered by Shopify.<br>\nShopify Themes by HaloThemes.com","show_payment":true,"payment_margin_top":0,"heading_payment":"","payment_position":"7","payment_type":"custom","show_payment_visa":true,"show_payment_master":true,"show_payment_maestro":false,"show_payment_american_express":true,"show_payment_apple_pay":true,"show_payment_bitcoin":false,"show_payment_dankort":false,"show_payment_diners_club":false,"show_payment_discover":true,"show_payment_paypal":true,"show_payment_dogecoin":false,"show_payment_dwolla":false,"show_payment_forbrugsforeningen":false,"show_payment_jcb":false,"show_payment_litecoin":false,"show_payment_afterpay":false,"show_payment_google_pay":false,"show_payment_ideal":false,"show_payment_klarna":false,"show_payment_klarna-pay-later":false,"show_payment_shopify_pay":true,"show_payment_sofort":false}},"halo-toolbar-mobile":{"type":"halo-toolbar-mobile","blocks":{"ff736cd3-bd2d-452d-b620-6f30e5896e28":{"type":"link","settings":{"icon":"<svg aria-hidden=\"true\" focusable=\"false\" data-prefix=\"fal\" data-icon=\"home-lg-alt\" role=\"img\" xmlns=\"http:\/\/www.w3.org\/2000\/svg\" viewbox=\"0 0 576 512\" class=\"svg-inline--fa fa-home-lg-alt fa-w-18 fa-3x\"><path fill=\"currentColor\" d=\"M573.48 219.91L310.6 8a35.85 35.85 0 0 0-45.19 0L2.53 219.91a6.71 6.71 0 0 0-1 9.5l14.2 17.5a6.82 6.82 0 0 0 9.6 1L64 216.72V496a16 16 0 0 0 16 16h416a16 16 0 0 0 16-16V216.82l38.8 31.29a6.83 6.83 0 0 0 9.6-1l14.19-17.5a7.14 7.14 0 0 0-1.11-9.7zM240 480V320h96v160zm240 0H368V304a16 16 0 0 0-16-16H224a16 16 0 0 0-16 16v176H96V190.92l187.71-151.4a6.63 6.63 0 0 1 8.4 0L480 191z\" class=\"\"><\/path><\/svg>","text":"Home","link":"\/"}},"7635fde1-aff2-4094-84c8-586f0dfcde6b":{"type":"action","settings":{"icon":"<svg xmlns=\"http:\/\/www.w3.org\/2000\/svg\" viewbox=\"0 0 32 32\" class=\"icon icon-search\">\n\t<path d=\"M 19 3 C 13.488281 3 9 7.488281 9 13 C 9 15.394531 9.839844 17.589844 11.25 19.3125 L 3.28125 27.28125 L 4.71875 28.71875 L 12.6875 20.75 C 14.410156 22.160156 16.605469 23 19 23 C 24.511719 23 29 18.511719 29 13 C 29 7.488281 24.511719 3 19 3 Z M 19 5 C 23.429688 5 27 8.570313 27 13 C 27 17.429688 23.429688 21 19 21 C 14.570313 21 11 17.429688 11 13 C 11 8.570313 14.570313 5 19 5 Z\"><\/path>\n<\/svg>","text":"Search","action_to":"search"}},"f4af0dce-6553-449a-9db4-4720a4836ef7":{"type":"link","settings":{"icon":"<svg xmlns=\"http:\/\/www.w3.org\/2000\/svg\" viewbox=\"0 0 384.97 384.97\" xmlns:xlink=\"http:\/\/www.w3.org\/1999\/xlink\" xml:space=\"preserve\">\n<g>\n\t<g id=\"Grid\">\n\t\t<path d=\"M144.364,0H24.061C10.767,0,0,10.767,0,24.061v120.303c0,13.281,10.767,24.061,24.061,24.061h120.303    c13.293,0,24.061-10.779,24.061-24.061V24.061C168.424,10.767,157.657,0,144.364,0z M144.364,144.364H24.061V24.061h120.303    V144.364z\"><\/path>\n\t\t<path d=\"M360.909,0H240.606c-13.293,0-24.061,10.767-24.061,24.061v120.303c0,13.281,10.767,24.061,24.061,24.061h120.303    c13.281,0,24.061-10.779,24.061-24.061V24.061C384.97,10.767,374.191,0,360.909,0z M360.909,144.364H240.606V24.061h120.303    V144.364z\"><\/path>\n\t\t<path d=\"M360.909,216.545H240.606c-13.293,0-24.061,10.779-24.061,24.061v120.303c0,13.293,10.767,24.061,24.061,24.061h120.303    c13.281,0,24.061-10.767,24.061-24.061V240.606C384.97,227.313,374.191,216.545,360.909,216.545z M360.909,360.909H240.606    V240.606h120.303V360.909z\"><\/path>\n\t\t<path d=\"M144.364,216.545H24.061C10.767,216.545,0,227.325,0,240.606v120.303c0,13.293,10.767,24.061,24.061,24.061h120.303    c13.293,0,24.061-10.767,24.061-24.061V240.606C168.424,227.313,157.657,216.545,144.364,216.545z M144.364,360.909H24.061    V240.606h120.303V360.909z\"><\/path>\n\t<\/g>\n\t<g>\n\t<\/g>\n\t<g>\n\t<\/g>\n\t<g>\n\t<\/g>\n\t<g>\n\t<\/g>\n\t<g>\n\t<\/g>\n\t<g>\n\t<\/g>\n<\/g>\n<g>\n<\/g>\n<g>\n<\/g>\n<g>\n<\/g>\n<g>\n<\/g>\n<g>\n<\/g>\n<g>\n<\/g>\n<g>\n<\/g>\n<g>\n<\/g>\n<g>\n<\/g>\n<g>\n<\/g>\n<g>\n<\/g>\n<g>\n<\/g>\n<g>\n<\/g>\n<g>\n<\/g>\n<g>\n<\/g>\n<\/svg>","text":"Collection","link":"shopify:\/\/collections"}},"5d6d32ae-e121-47c0-84be-ab16049c7872":{"type":"action","settings":{"icon":"<svg xmlns=\"http:\/\/www.w3.org\/2000\/svg\" viewbox=\"0 0 32 32\" aria-hidden=\"true\" focusable=\"false\" role=\"presentation\" class=\"icon icon-account\"><path d=\"M 16 3 C 8.832031 3 3 8.832031 3 16 C 3 23.167969 8.832031 29 16 29 C 23.167969 29 29 23.167969 29 16 C 29 8.832031 23.167969 3 16 3 Z M 16 5 C 22.085938 5 27 9.914063 27 16 C 27 22.085938 22.085938 27 16 27 C 9.914063 27 5 22.085938 5 16 C 5 9.914063 9.914063 5 16 5 Z M 16 8 C 13.25 8 11 10.25 11 13 C 11 14.515625 11.707031 15.863281 12.78125 16.78125 C 10.53125 17.949219 9 20.300781 9 23 L 11 23 C 11 20.226563 13.226563 18 16 18 C 18.773438 18 21 20.226563 21 23 L 23 23 C 23 20.300781 21.46875 17.949219 19.21875 16.78125 C 20.292969 15.863281 21 14.515625 21 13 C 21 10.25 18.75 8 16 8 Z M 16 10 C 17.667969 10 19 11.332031 19 13 C 19 14.667969 17.667969 16 16 16 C 14.332031 16 13 14.667969 13 13 C 13 11.332031 14.332031 10 16 10 Z\"><\/path><\/svg>","text":"Account","action_to":"account"}},"6af60981-e602-4eaa-8501-8d4518fba450":{"type":"action","settings":{"icon":"<svg viewbox=\"0 0 30 30\" class=\"icon icon-cart\" enable-background=\"new 0 0 30 30\">\n  <g>\n    <g>\n      <path d=\"M20,6V5c0-2.761-2.239-5-5-5s-5,2.239-5,5v1H4v24h22V6H20z M12,5c0-1.657,1.343-3,3-3s3,1.343,3,3v1h-6V5z M24,28H6V8h4v3    h2V8h6v3h2V8h4V28z\"><\/path>\n    <\/g>\n  <\/g>\n<\/svg>","text":"Cart","action_to":"cart"}}},"block_order":["ff736cd3-bd2d-452d-b620-6f30e5896e28","7635fde1-aff2-4094-84c8-586f0dfcde6b","f4af0dce-6553-449a-9db4-4720a4836ef7","5d6d32ae-e121-47c0-84be-ab16049c7872","6af60981-e602-4eaa-8501-8d4518fba450"],"settings":{"display_section":true,"color_icon":"#232323","border_color":"#ffffff","bg_color":"#ffffff","bg_color_gradient":""}},"password-page-1":{"type":"password-page-1","settings":{"background_color":"#ffffff","brand_type":"image","brand_text":"","brand_logo_font_size":30,"logo_color":"#232323","brand_logo":"shopify:\/\/shop_images\/ella-logo-black-home-5.png","brand_logo_width":65,"banner":"shopify:\/\/shop_images\/Password-image-1.jpg","banner_color":"#ffffff","show_newsletter":true,"title":"Our store will be opening soon","title_font_size":30,"title_font_size_mb":24,"title_color":"#232323","subtitle":"Phasellus lorem de pulvinar maecenas.","subtitle_font_size":12,"subtitle_color":"#323232","input_color":"#323232","terms_text_color":"#848484","terms_link_color":"#3c3c3c","btn":"1","show_social_media":true,"social_media_color":"#232323","show_copyright":true,"copyright_content":"<p>© 2022 Ella Demo. Powered by Shopify. Shopify Themes by <a href=\"https:\/\/www.halothemes.com\/\">HaloThemes<\/a>.<\/p>","copyright_color":"#848484"}},"password-page-2":{"type":"password-page-2","settings":{"show_top_message":true,"top_message_text":"<div class=\"message\">\n  SPECIAL OFFER SALE UP TO 70% OFF. <a href=\"\/collections\/all\" alt=\"Enter here\">Enter here<\/a>\n<\/div>","top_message_bg":"#F5F5F5","top_message_color":"#232323","top_message_link_color":"#7a7a7a","background_color":"#ffffff","brand_type":"image","brand_text":"","logo_color":"","brand_logo":"shopify:\/\/shop_images\/Home-6-Logo-Parallax.png","brand_logo_width":65,"banner":"shopify:\/\/shop_images\/Password-image-2.jpg","banner_subtitle":"Special Offer","banner_subtitle_color":"#FFFFFF","banner_subtitle_font_size":16,"banner_subtitle_font_size_mb":16,"banner_title":"Sale 70% Off*","banner_title_color":"#FFFFFF","banner_title_font_size":40,"banner_title_font_size_mb":24,"password_form_color":"#FFFFFF","password_form_input_bg_color":"#FFFFFF","password_form_input_border_color":"#FFFFFF","password_form_input_color":"#323232","password_form_btn":"1","countdown":"Dec 31, 2023 18:00:00","countdown_text":"Limited-time offer. End ins:","countdown_number_bg":"#FFFFFF","countdown_number_color":"#232323","countdown_text_color":"#FFFFFF","show_newsletter":true,"newsletter_bg":"#F5F5F5","newsletter_title":"First Order? Save 10% Off","newsletter_title_font_size":24,"newsletter_title_font_size_mb":24,"newsletter_title_color":"#232323","newsletter_desc":"Join our emails today and save 10% on your first order.","newsletter_desc_font_size":12,"newsletter_desc_color":"#3c3c3c","newsletter_input_bg_color":"transparent","newsletter_input_border_color":"#3c3c3c","newsletter_input_text_color":"#232323","newsletter_checkbox_text_color":"#848484","newsletter_checkbox_link_color":"#3c3c3c","newsletter_btn":"1","show_social_media":false,"social_media_color":"#323232","show_copyright":true,"copyright_content":"© 2022 ELLA Demo. Powered by Shopify. Shopify Theme by <a href=\"https:\/\/www.halothemes.com\/\">Halothemes<\/a>.","copyright_bg_color":"#FFFFFF","copyright_color":"#848484"}}},"content_for_index":[]}}