{"sections":{"google-map":{"type":"google-map","settings":{"show_custom_map":true,"container":"fullwidth","mg_top_desktop":0,"mg_top_tablet":0,"mg_top_mobile":0,"mg_bottom_desktop":30,"mg_bottom_tablet":10,"mg_bottom_mobile":10,"block_title":"","block_text":"","block_align":"center","block_max_width":300,"btn_text":"","btn_text_color":"","btn_border_color":"","btn_bg_color":"","btn_text_color_hover":"","btn_border_color_hover":"","btn_bg_color_hover":"","btn_max_width":205,"btn_link":"","block_content":"<iframe src=\"https:\/\/www.google.com\/maps\/embed?pb=!1m18!1m12!1m3!1d3918.9340444904806!2d106.71818441533426!3d10.816359461411732!2m3!1f0!2f0!3f0!3m2!1i1024!2i768!4f13.1!3m3!1m2!1s0x3175289c3683f2a7%3A0xf8213d8614e6f0b0!2zVGhhbmggxJBhLCBDxrAgeMOhIFRoYW5oIMSQYSwgcGjGsOG7nW5nIDI3LCBCw6xuaCBUaOG6oW5oLCBUaMOgbmggcGjhu5EgSOG7kyBDaMOtIE1pbmgsIFZp4buHdCBOYW0!5e0!3m2!1svi!2s!4v1647592510766!5m2!1svi!2s\" width=\"600\" height=\"365\" style=\"border:0;\" allowfullscreen=\"\" loading=\"lazy\"><\/iframe>"}},"main":{"type":"main-contact-us-1","settings":{"show_breadcrumb":true,"breadcrumb_alignment":"left","show_page_title":true,"page_title_alignment":"left","container":"1170","mg_top_desktop":0,"mg_top_tablet":0,"mg_top_mobile":30,"mg_bottom_desktop":60,"mg_bottom_tablet":30,"mg_bottom_mobile":20,"contact_form_text":"<span>Have a question or comment?\n<br>\nUse the form below to send us a message or contact us by mail at:<\/span>","show_contact_info":true,"contact_info_title":"Get In Touch!","contact_info_text":"We'd love to hear from you - please use the form to send us your message or ideas. Or simply pop in for a cup of fresh tea and a cookie:","contact_info_address":"<p style=\"line-height: 26px;margin-bottom: 9px\">\n685 Market Street<br> San Francisco, CA 94105, \n<br>United States\n<\/p>","contact_info_content_1":"<p style=\"line-height: 30px; margin-bottom: 0px;margin-top: 5px;\">\n<span class=\"icon\">\n<svg style=\"position: relative; top: 0px; width: 20px;height: 20px\" aria-hidden=\"true\" focusable=\"false\" data-prefix=\"fas\" data-icon=\"comment-alt-dots\" role=\"img\" xmlns=\"http:\/\/www.w3.org\/2000\/svg\" viewbox=\"0 0 512 512\" class=\"svg-inline--fa fa-comment-alt-dots fa-w-16 fa-7x\"><path fill=\"currentColor\" d=\"M448 0H64C28.7 0 0 28.7 0 64v288c0 35.3 28.7 64 64 64h96v84c0 9.8 11.2 15.5 19.1 9.7L304 416h144c35.3 0 64-28.7 64-64V64c0-35.3-28.7-64-64-64zM128 240c-17.7 0-32-14.3-32-32s14.3-32 32-32 32 14.3 32 32-14.3 32-32 32zm128 0c-17.7 0-32-14.3-32-32s14.3-32 32-32 32 14.3 32 32-14.3 32-32 32zm128 0c-17.7 0-32-14.3-32-32s14.3-32 32-32 32 14.3 32 32-14.3 32-32 32z\" class=\"\"><\/path><\/svg>\n<\/span>\n<span style=\"margin-left: 7px\">TEXT: <a href=\"tel:%20%20091-123-ELLA\">091-123-ELLA<\/a><\/span>\n<\/p>\n<p style=\"line-height:30px; margin-top: 0\">\n<span class=\"icon\">\n<svg style=\"width: 20px;height: 20px\" aria-hidden=\"true\" focusable=\"false\" data-prefix=\"fas\" data-icon=\"envelope\" role=\"img\" xmlns=\"http:\/\/www.w3.org\/2000\/svg\" viewbox=\"0 0 512 512\" class=\"svg-inline--fa fa-envelope fa-w-16 fa-7x\"><path fill=\"currentColor\" d=\"M502.3 190.8c3.9-3.1 9.7-.2 9.7 4.7V400c0 26.5-21.5 48-48 48H48c-26.5 0-48-21.5-48-48V195.6c0-5 5.7-7.8 9.7-4.7 22.4 17.4 52.1 39.5 154.1 113.6 21.1 15.4 56.7 47.8 92.2 47.6 35.7.3 72-32.8 92.3-47.6 102-74.1 131.6-96.3 154-113.7zM256 320c23.2.4 56.6-29.2 73.4-41.4 132.7-96.3 142.8-104.7 173.4-128.7 5.8-4.5 9.2-11.5 9.2-18.9v-19c0-26.5-21.5-48-48-48H48C21.5 64 0 85.5 0 112v19c0 7.4 3.4 14.3 9.2 18.9 30.6 23.9 40.7 32.4 173.4 128.7 16.8 12.2 50.2 41.8 73.4 41.4z\" class=\"\"><\/path><\/svg><\/span>\n<span style=\"margin-left: 7px\"><a href=\"mailto:email@domain.com\">email@domain.com<\/a><\/span>\n<\/p>","contact_info_content_2":"<p>Opening Hours:\n<br>\nMON to SAT: \n9:00AM - 10:00PM\n<br>\nSUN: 10:00AM - 6:00PM<\/p>","enable_border_top":true}}},"order":["google-map","main"]}